SampleName	CCLE_Name
ACH.000001.NIHOVCAR3	NIHOVCAR3_OVARY
ACH.000002.HL60	HL60_HAEMATOPOIETIC_AND_LYMPHOID_TISSUE
ACH.000003.CACO2	CACO2_LARGE_INTESTINE
ACH.000004.HEL	HEL_HAEMATOPOIETIC_AND_LYMPHOID_TISSUE
ACH.000005.HEL9217	HEL9217_HAEMATOPOIETIC_AND_LYMPHOID_TISSUE
ACH.000006.MONOMAC6	MONOMAC6_HAEMATOPOIETIC_AND_LYMPHOID_TISSUE
ACH.000007.LS513	LS513_LARGE_INTESTINE
ACH.000008.A101D	A101D_SKIN
ACH.000009.C2BBE1	C2BBE1_LARGE_INTESTINE
ACH.000011.253J	253J_URINARY_TRACT
ACH.000012.HCC827	HCC827_LUNG
ACH.000013.ONCODG1	ONCODG1_OVARY
ACH.000014.HS294T	HS294T_SKIN
ACH.000015.NCIH1581	NCIH1581_LUNG
ACH.000016.SLR21	SLR21_KIDNEY
ACH.000017.SKBR3	SKBR3_BREAST
ACH.000018.T24	T24_URINARY_TRACT
ACH.000019.MCF7	MCF7_BREAST
ACH.000020.MHHCALL2	MHHCALL2_HAEMATOPOIETIC_AND_LYMPHOID_TISSUE
ACH.000021.NCIH1693	NCIH1693_LUNG
ACH.000022.PATU8988S	PATU8988S_PANCREAS
ACH.000023.PATU8988T	PATU8988T_PANCREAS
ACH.000024.OPM2	OPM2_HAEMATOPOIETIC_AND_LYMPHOID_TISSUE
ACH.000025.CH157MN	CH157MN_CENTRAL_NERVOUS_SYSTEM
ACH.000026.253JBV	253JBV_URINARY_TRACT
ACH.000027.GOS3	GOS3_CENTRAL_NERVOUS_SYSTEM
ACH.000028.KPL1	KPL1_BREAST
ACH.000029.HCC827GR5	HCC827GR5_LUNG
ACH.000030.PC14	PC14_LUNG
ACH.000031.PANC0213	PANC0213_PANCREAS
ACH.000032.MHHCALL3	MHHCALL3_HAEMATOPOIETIC_AND_LYMPHOID_TISSUE
ACH.000033.NCIH1819	NCIH1819_LUNG
ACH.000034.PLB985	PLB985_HAEMATOPOIETIC_AND_LYMPHOID_TISSUE
ACH.000035.NCIH1650	NCIH1650_LUNG
ACH.000036.U343	U343_CENTRAL_NERVOUS_SYSTEM
ACH.000037.S117	S117_THYROID
ACH.000038.EHEB	EHEB_HAEMATOPOIETIC_AND_LYMPHOID_TISSUE
ACH.000039.SKNMC	SKNMC_BONE
ACH.000040.U118MG	U118MG_CENTRAL_NERVOUS_SYSTEM
ACH.000041.RDES	RDES_BONE
ACH.000042.PANC0203	PANC0203_PANCREAS
ACH.000043.HS895T	HS895T_FIBROBLAST
ACH.000044.MDAMB134VI	MDAMB134VI_BREAST
ACH.000045.MV411	MV411_HAEMATOPOIETIC_AND_LYMPHOID_TISSUE
ACH.000046.ACHN	ACHN_KIDNEY
ACH.000048.TOV112D	TOV112D_OVARY
ACH.000049.HEKTE	HEKTE_KIDNEY
ACH.000050.NCIH929	NCIH929_HAEMATOPOIETIC_AND_LYMPHOID_TISSUE
ACH.000051.TE617T	TE617T_SOFT_TISSUE
ACH.000052.A673	A673_BONE
ACH.000053.KARPAS299	KARPAS299_HAEMATOPOIETIC_AND_LYMPHOID_TISSUE
ACH.000054.HT1080	HT1080_SOFT_TISSUE
ACH.000055.D283MED	D283MED_CENTRAL_NERVOUS_SYSTEM
ACH.000056.DOHH2	DOHH2_HAEMATOPOIETIC_AND_LYMPHOID_TISSUE
ACH.000057.OPM1	OPM1_HAEMATOPOIETIC_AND_LYMPHOID_TISSUE
ACH.000058.ML1	ML1_THYROID
ACH.000059.SUPB15	SUPB15_HAEMATOPOIETIC_AND_LYMPHOID_TISSUE
ACH.000060.PANC1005	PANC1005_PANCREAS
ACH.000061.HH	HH_HAEMATOPOIETIC_AND_LYMPHOID_TISSUE
ACH.000062.RERFLCMS	RERFLCMS_LUNG
ACH.000064.SALE	SALE_LUNG
ACH.000065.OCIAML5	OCIAML5_HAEMATOPOIETIC_AND_LYMPHOID_TISSUE
ACH.000066.HCC4006	HCC4006_LUNG
ACH.000067.HS683	HS683_CENTRAL_NERVOUS_SYSTEM
ACH.000068.REC1	REC1_HAEMATOPOIETIC_AND_LYMPHOID_TISSUE
ACH.000069.HS611T	HS611T_HAEMATOPOIETIC_AND_LYMPHOID_TISSUE
ACH.000070.697	697_HAEMATOPOIETIC_AND_LYMPHOID_TISSUE
ACH.000071.HS706T	HS706T_BONE
ACH.000072.MEG01	MEG01_HAEMATOPOIETIC_AND_LYMPHOID_TISSUE
ACH.000073.GRANTA519	GRANTA519_HAEMATOPOIETIC_AND_LYMPHOID_TISSUE
ACH.000074.KU812	KU812_HAEMATOPOIETIC_AND_LYMPHOID_TISSUE
ACH.000075.U87MG	U87MG_CENTRAL_NERVOUS_SYSTEM
ACH.000076.NCO2	NCO2_HAEMATOPOIETIC_AND_LYMPHOID_TISSUE
ACH.000077.MJ	MJ_HAEMATOPOIETIC_AND_LYMPHOID_TISSUE
ACH.000078.MHHNB11	MHHNB11_AUTONOMIC_GANGLIA
ACH.000079.TE125T	TE125T_FIBROBLAST
ACH.000080.BDCM	BDCM_HAEMATOPOIETIC_AND_LYMPHOID_TISSUE
ACH.000081.GDM1	GDM1_HAEMATOPOIETIC_AND_LYMPHOID_TISSUE
ACH.000082.G292CLONEA141B1	G292CLONEA141B1_BONE
ACH.000083.HS281T	HS281T_FIBROBLAST
ACH.000084.MUTZ3	MUTZ3_HAEMATOPOIETIC_AND_LYMPHOID_TISSUE
ACH.000085.T3M4	T3M4_PANCREAS
ACH.000086.ACCMESO1	ACCMESO1_PLEURA
ACH.000087.SKES1	SKES1_BONE
ACH.000088.HS172T	HS172T_FIBROBLAST
ACH.000089.NCIH684	NCIH684_LARGE_INTESTINE
ACH.000090.PC3	PC3_PROSTATE
ACH.000091.OV56	OV56_OVARY
ACH.000092.NCIH2452	NCIH2452_PLEURA
ACH.000093.PANC0504	PANC0504_PANCREAS
ACH.000094.HPAFII	HPAFII_PANCREAS
ACH.000095.D341	D341MED_CENTRAL_NERVOUS_SYSTEM
ACH.000096.G401	G401_SOFT_TISSUE
ACH.000097.ZR751	ZR751_BREAST
ACH.000098.GAMG	GAMG_CENTRAL_NERVOUS_SYSTEM
ACH.000099.SIMA	SIMA_AUTONOMIC_GANGLIA
ACH.000100.RH41	RH41_SOFT_TISSUE
ACH.000101.KE37	KE37_HAEMATOPOIETIC_AND_LYMPHOID_TISSUE
ACH.000102.GMS10	GMS10_CENTRAL_NERVOUS_SYSTEM
ACH.000103.CAOV4	CAOV4_OVARY
ACH.000104.LOUCY	LOUCY_HAEMATOPOIETIC_AND_LYMPHOID_TISSUE
ACH.000105.ALLSIL	ALLSIL_HAEMATOPOIETIC_AND_LYMPHOID_TISSUE
ACH.000107.CAPAN2	CAPAN2_PANCREAS
ACH.000108.KP3	KP3_PANCREAS
ACH.000109.NCIH3255	NCIH3255_LUNG
ACH.000110.NCCSTCK140	NCCSTCK140_STOMACH
ACH.000111.HCC1187	HCC1187_BREAST
ACH.000112.SIGM5	SIGM5_HAEMATOPOIETIC_AND_LYMPHOID_TISSUE
ACH.000113.OCIAML2	OCIAML2_HAEMATOPOIETIC_AND_LYMPHOID_TISSUE
ACH.000114.SU8686	SU8686_PANCREAS
ACH.000115.VCAP	VCAP_PROSTATE
ACH.000116.OAW28	OAW28_OVARY
ACH.000117.EFM192A	EFM192A_BREAST
ACH.000118.HUPT3	HUPT3_PANCREAS
ACH.000119.HS863T	HS863T_FIBROBLAST
ACH.000120.CHP212	CHP212_AUTONOMIC_GANGLIA
ACH.000121.NCIH2405	NCIH2405_LUNG
ACH.000122.SUPT11	SUPT11_HAEMATOPOIETIC_AND_LYMPHOID_TISSUE
ACH.000123.COV434	COV434_OVARY
ACH.000124.OCILY19	OCILY19_HAEMATOPOIETIC_AND_LYMPHOID_TISSUE
ACH.000125.TO175T	TO175T_FIBROBLAST
ACH.000126.KG1C	KG1C_CENTRAL_NERVOUS_SYSTEM
ACH.000127.SLR20	SLR20_KIDNEY
ACH.000128.LN319	LN319_CENTRAL_NERVOUS_SYSTEM
ACH.000129.NCIH1341	NCIH1341_LUNG
ACH.000130.NALM19	NALM19_HAEMATOPOIETIC_AND_LYMPHOID_TISSUE
ACH.000131.HS229T	HS229T_FIBROBLAST
ACH.000132.JHOS2	JHOS2_OVARY
ACH.000133.HS729	HS729_SOFT_TISSUE
ACH.000134.HS274T	HS274T_FIBROBLAST
ACH.000135.HS940T	HS940T_FIBROBLAST
ACH.000136.CHP126	CHP126_AUTONOMIC_GANGLIA
ACH.000137.8MGBA	8MGBA_CENTRAL_NERVOUS_SYSTEM
ACH.000138.CFPAC1	CFPAC1_PANCREAS
ACH.000139.PANC0327	PANC0327_PANCREAS
ACH.000140.PFEIFFER	PFEIFFER_HAEMATOPOIETIC_AND_LYMPHOID_TISSUE
ACH.000141.SNU308	SNU308_BILIARY_TRACT
ACH.000142.CAL29	CAL29_URINARY_TRACT
ACH.000143.HCC2429	HCC2429_LUNG
ACH.000144.RERFGC1B	RERFGC1B_STOMACH
ACH.000145.SKLMS1	SKLMS1_SOFT_TISSUE
ACH.000146.THP1	THP1_HAEMATOPOIETIC_AND_LYMPHOID_TISSUE
ACH.000147.T47D	T47D_BREAST
ACH.000148.HS578T	HS578T_BREAST
ACH.000149.SKNSH	SKNSH_AUTONOMIC_GANGLIA
ACH.000150.HCC2935	HCC2935_LUNG
ACH.000151.JM1	JM1_HAEMATOPOIETIC_AND_LYMPHOID_TISSUE
ACH.000152.M059K	M059K_CENTRAL_NERVOUS_SYSTEM
ACH.000153.NCIH2052	NCIH2052_PLEURA
ACH.000155.SW1990	SW1990_PANCREAS
ACH.000156.MHHCALL4	MHHCALL4_HAEMATOPOIETIC_AND_LYMPHOID_TISSUE
ACH.000157.A4FUK	A4FUK_HAEMATOPOIETIC_AND_LYMPHOID_TISSUE
ACH.000158.OCILY3	OCILY3_HAEMATOPOIETIC_AND_LYMPHOID_TISSUE
ACH.000159.OSRC2	OSRC2_KIDNEY
ACH.000160.BT12	BT12_SOFT_TISSUE
ACH.000161.CORL105	CORL105_LUNG
ACH.000162.GA10	GA10_HAEMATOPOIETIC_AND_LYMPHOID_TISSUE
ACH.000163.SW579	SW579_THYROID
ACH.000164.PANC1	PANC1_PANCREAS
ACH.000165.HS751T	HS751T_FIBROBLAST
ACH.000166.KASUMI6	KASUMI6_HAEMATOPOIETIC_AND_LYMPHOID_TISSUE
ACH.000167.KE97	KE97_STOMACH
ACH.000168.NOMO1	NOMO1_HAEMATOPOIETIC_AND_LYMPHOID_TISSUE
ACH.000169.RD	RD_SOFT_TISSUE
ACH.000170.PRECLH	PRECLH_PROSTATE
ACH.000171.VMRCRCZ	VMRCRCZ_KIDNEY
ACH.000172.TM87	TM87_SOFT_TISSUE
ACH.000173.JHUEM3	JHUEM3_ENDOMETRIUM
ACH.000174.CAL62	CAL62_THYROID
ACH.000175.TE159T	TE159T_FIBROBLAST
ACH.000176.LOUNH91	LOUNH91_LUNG
ACH.000177.NCIH660	NCIH660_PROSTATE
ACH.000178.HS766T	HS766T_PANCREAS
ACH.000179.NCIH1618	NCIH1618_LUNG
ACH.000180.HS839T	HS839T_FIBROBLAST
ACH.000181.SCC9	SCC9_UPPER_AERODIGESTIVE_TRACT
ACH.000182.SNU869	SNU869_BILIARY_TRACT
ACH.000183.L363	L363_HAEMATOPOIETIC_AND_LYMPHOID_TISSUE
ACH.000184.HS343T	HS343T_FIBROBLAST
ACH.000185.HS737T	HS737T_FIBROBLAST
ACH.000186.NCIH2444	NCIH2444_LUNG
ACH.000187.CORL311	CORL311_LUNG
ACH.000188.SCC25	SCC25_UPPER_AERODIGESTIVE_TRACT
ACH.000189.RCC10RGB	RCC10RGB_KIDNEY
ACH.000190.HDMYZ	HDMYZ_HAEMATOPOIETIC_AND_LYMPHOID_TISSUE
ACH.000191.BHT101	BHT101_THYROID
ACH.000192.MFE280	MFE280_ENDOMETRIUM
ACH.000193.KARPAS620	KARPAS620_HAEMATOPOIETIC_AND_LYMPHOID_TISSUE
ACH.000194.HS934T	HS934T_FIBROBLAST
ACH.000195.SET2	SET2_HAEMATOPOIETIC_AND_LYMPHOID_TISSUE
ACH.000196.HCC1599	HCC1599_BREAST
ACH.000197.TALL1	TALL1_HAEMATOPOIETIC_AND_LYMPHOID_TISSUE
ACH.000198.EOL1	EOL1_HAEMATOPOIETIC_AND_LYMPHOID_TISSUE
ACH.000199.HS255T	HS255T_FIBROBLAST
ACH.000200.NMCG1	NMCG1_CENTRAL_NERVOUS_SYSTEM
ACH.000201.A204	A204_SOFT_TISSUE
ACH.000202.COLO320	COLO320_LARGE_INTESTINE
ACH.000203.NH6	NH6_AUTONOMIC_GANGLIA
ACH.000204.LP1	LP1_HAEMATOPOIETIC_AND_LYMPHOID_TISSUE
ACH.000205.PK59	PK59_PANCREAS
ACH.000206.C8166	C8166_HAEMATOPOIETIC_AND_LYMPHOID_TISSUE
ACH.000207.DETROIT562	DETROIT562_UPPER_AERODIGESTIVE_TRACT
ACH.000208.U178	U178_CENTRAL_NERVOUS_SYSTEM
ACH.000209.SNU1079	SNU1079_BILIARY_TRACT
ACH.000210.CADOES1	CADOES1_BONE
ACH.000211.DAOY	DAOY_CENTRAL_NERVOUS_SYSTEM
ACH.000212.CAL120	CAL120_BREAST
ACH.000213.HUPT4	HUPT4_PANCREAS
ACH.000214.HS675T	HS675T_FIBROBLAST
ACH.000215.LN382	LN382_CENTRAL_NERVOUS_SYSTEM
ACH.000216.JHESOAD1	JHESOAD1_OESOPHAGUS
ACH.000217.JHH6	JHH6_LIVER
ACH.000218.PL21	PL21_HAEMATOPOIETIC_AND_LYMPHOID_TISSUE
ACH.000219.A375	A375_SKIN
ACH.000220.MINO	MINO_HAEMATOPOIETIC_AND_LYMPHOID_TISSUE
ACH.000221.SNU398	SNU398_LIVER
ACH.000222.ASPC1	ASPC1_PANCREAS
ACH.000223.HCC1937	HCC1937_BREAST
ACH.000224.HS819T	HS819T_FIBROBLAST
ACH.000225.ECC12	ECC12_STOMACH
ACH.000226.SUPM2	SUPM2_HAEMATOPOIETIC_AND_LYMPHOID_TISSUE
ACH.000227.KPNYN	KPNYN_AUTONOMIC_GANGLIA
ACH.000228.BICR31	BICR31_UPPER_AERODIGESTIVE_TRACT
ACH.000229.HS822T	HS822T_FIBROBLAST
ACH.000230.HS742T	HS742T_FIBROBLAST
ACH.000231.KALS1	KALS1_CENTRAL_NERVOUS_SYSTEM
ACH.000232.U251MG	U251MG_CENTRAL_NERVOUS_SYSTEM
ACH.000233.DEL	DEL_HAEMATOPOIETIC_AND_LYMPHOID_TISSUE
ACH.000234.CAKI2	CAKI2_KIDNEY
ACH.000235.PANC0403	PANC0403_PANCREAS
ACH.000236.SW1417	SW1417_LARGE_INTESTINE
ACH.000237.JHOM1	JHOM1_OVARY
ACH.000238.SCC4	SCC4_UPPER_AERODIGESTIVE_TRACT
ACH.000239.HUG1N	HUG1N_STOMACH
ACH.000240.HS600T	HS600T_FIBROBLAST
ACH.000241.JK1	JK1_HAEMATOPOIETIC_AND_LYMPHOID_TISSUE
ACH.000242.RT4	RT4_URINARY_TRACT
ACH.000243.DANG	DANG_PANCREAS
ACH.000244.DKMG	DKMG_CENTRAL_NERVOUS_SYSTEM
ACH.000245.BL41	BL41_HAEMATOPOIETIC_AND_LYMPHOID_TISSUE
ACH.000246.SLR23	SLR23_KIDNEY
ACH.000247.OCUM1	OCUM1_STOMACH
ACH.000248.AU565	AU565_BREAST
ACH.000249.CL11	CL11_LARGE_INTESTINE
ACH.000250.KMRC20	KMRC20_KIDNEY
ACH.000251.NCIH2887	NCIH2887_LUNG
ACH.000252.LS1034	LS1034_LARGE_INTESTINE
ACH.000253.COLO201	COLO201_LARGE_INTESTINE
ACH.000254.SCC15	SCC15_UPPER_AERODIGESTIVE_TRACT
ACH.000255.LMSU	LMSU_STOMACH
ACH.000256.COV318	COV318_OVARY
ACH.000257.CORL279	CORL279_LUNG
ACH.000258.DU4475	DU4475_BREAST
ACH.000259.KELLY	KELLY_AUTONOMIC_GANGLIA
ACH.000260.SKNAS	SKNAS_AUTONOMIC_GANGLIA
ACH.000261.RERFLCAI	RERFLCAI_LUNG
ACH.000262.UOK101	UOK101_KIDNEY
ACH.000263.KASUMI1	KASUMI1_HAEMATOPOIETIC_AND_LYMPHOID_TISSUE
ACH.000264.CALU6	CALU6_LUNG
ACH.000265.KP4	KP4_PANCREAS
ACH.000266.SNU213	SNU213_PANCREAS
ACH.000267.HDLM2	HDLM2_HAEMATOPOIETIC_AND_LYMPHOID_TISSUE
ACH.000268.SNU245	SNU245_BILIARY_TRACT
ACH.000269.AM38	AM38_CENTRAL_NERVOUS_SYSTEM
ACH.000270.HPAC	HPAC_PANCREAS
ACH.000271.SUDHL10	SUDHL10_HAEMATOPOIETIC_AND_LYMPHOID_TISSUE
ACH.000272.SLR24	SLR24_KIDNEY
ACH.000273.SF539	SF539_CENTRAL_NERVOUS_SYSTEM
ACH.000274.HS852T	HS852T_SKIN
ACH.000275.HS834T	HS834T_FIBROBLAST
ACH.000276.HCC38	HCC38_BREAST
ACH.000277.HCC1419	HCC1419_BREAST
ACH.000278.COV362	COV362_OVARY
ACH.000279.EWS502	EWS502_BONE
ACH.000280.SNU840	SNU840_OVARY
ACH.000281.KP2	KP2_PANCREAS
ACH.000282.NCIH1755	NCIH1755_LUNG
ACH.000283.A1207	A1207_CENTRAL_NERVOUS_SYSTEM
ACH.000284.HS840T	HS840T_FIBROBLAST
ACH.000285.TOLEDO	TOLEDO_HAEMATOPOIETIC_AND_LYMPHOID_TISSUE
ACH.000286.SNU1033	SNU1033_LARGE_INTESTINE
ACH.000287.NUDUL1	NUDUL1_HAEMATOPOIETIC_AND_LYMPHOID_TISSUE
ACH.000288.BT549	BT549_BREAST
ACH.000289.SNU466	SNU466_CENTRAL_NERVOUS_SYSTEM
ACH.000290.NCIH209	NCIH209_LUNG
ACH.000291.OV90	OV90_OVARY
ACH.000292.NCIH841	NCIH841_LUNG
ACH.000293.KLE	KLE_ENDOMETRIUM
ACH.000294.NB4	NB4_HAEMATOPOIETIC_AND_LYMPHOID_TISSUE
ACH.000295.EM2	EM2_HAEMATOPOIETIC_AND_LYMPHOID_TISSUE
ACH.000296.OUMS23	OUMS23_LARGE_INTESTINE
ACH.000297.NCIH889	NCIH889_LUNG
ACH.000298.NCIH2029	NCIH2029_LUNG
ACH.000299.HNT34	HNT34_HAEMATOPOIETIC_AND_LYMPHOID_TISSUE
ACH.000300.SLR25	SLR25_KIDNEY
ACH.000301.LAMA84	LAMA84_HAEMATOPOIETIC_AND_LYMPHOID_TISSUE
ACH.000302.SNU1077	SNU1077_ENDOMETRIUM
ACH.000303.SNU5	SNU5_STOMACH
ACH.000304.WM115	WM115_SKIN
ACH.000305.ECGI10	ECGI10_OESOPHAGUS
ACH.000306.HS688AT	HS688AT_FIBROBLAST
ACH.000307.PK1	PK1_PANCREAS
ACH.000308.EFO21	EFO21_OVARY
ACH.000310.IMR32	IMR32_AUTONOMIC_GANGLIA
ACH.000311.NCIH2122	NCIH2122_LUNG
ACH.000312.SKNBE2	SKNBE2_AUTONOMIC_GANGLIA
ACH.000313.KMRC3	KMRC3_KIDNEY
ACH.000314.HCC2108	HCC2108_LUNG
ACH.000315.KARPAS422	KARPAS422_HAEMATOPOIETIC_AND_LYMPHOID_TISSUE
ACH.000316.SNU886	SNU886_LIVER
ACH.000317.TUHR14TKB	TUHR14TKB_KIDNEY
ACH.000318.TE10	TE10_OESOPHAGUS
ACH.000319.MPP89	MPP89_PLEURA
ACH.000320.PSN1	PSN1_PANCREAS
ACH.000321.MOLM6	MOLM6_HAEMATOPOIETIC_AND_LYMPHOID_TISSUE
ACH.000322.HT144	HT144_SKIN
ACH.000323.42MGBA	42MGBA_CENTRAL_NERVOUS_SYSTEM
ACH.000324.JHOC5	JHOC5_OVARY
ACH.000325.SNU620	SNU620_STOMACH
ACH.000326.JURLMK1	JURLMK1_HAEMATOPOIETIC_AND_LYMPHOID_TISSUE
ACH.000327.NCIH1395	NCIH1395_LUNG
ACH.000328.LN215	LN215_CENTRAL_NERVOUS_SYSTEM
ACH.000329.CCFSTTG1	CCFSTTG1_CENTRAL_NERVOUS_SYSTEM
ACH.000330.EFM19	EFM19_BREAST
ACH.000331.ISTMES2	ISTMES2_PLEURA
ACH.000332.YAPC	YAPC_PANCREAS
ACH.000333.JHOM2B	JHOM2B_OVARY
ACH.000334.DB	DB_HAEMATOPOIETIC_AND_LYMPHOID_TISSUE
ACH.000335.MSTO211H	MSTO211H_PLEURA
ACH.000336.OCIAML3	OCIAML3_HAEMATOPOIETIC_AND_LYMPHOID_TISSUE
ACH.000337.NCIH3122	NCIH3122_LUNG
ACH.000338.SR786	SR786_HAEMATOPOIETIC_AND_LYMPHOID_TISSUE
ACH.000339.HCC461	HCC461_LUNG
ACH.000340.HS870T	HS870T_FIBROBLAST
ACH.000341.SKNFI	SKNFI_AUTONOMIC_GANGLIA
ACH.000342.CL14	CL14_LARGE_INTESTINE
ACH.000343.NCIH522	NCIH522_LUNG
ACH.000344.SNU668	SNU668_STOMACH
ACH.000345.KPNRTBM1	KPNRTBM1_AUTONOMIC_GANGLIA
ACH.000346.JVM3	JVM3_HAEMATOPOIETIC_AND_LYMPHOID_TISSUE
ACH.000347.QGP1	QGP1_PANCREAS
ACH.000348.RPMI7951	RPMI7951_SKIN
ACH.000349.HCC1500	HCC1500_BREAST
ACH.000350.COLO678	COLO678_LARGE_INTESTINE
ACH.000351.MKN1	MKN1_STOMACH
ACH.000352.HCC1428	HCC1428_BREAST
ACH.000353.TE15	TE15_OESOPHAGUS
ACH.000354.CAPAN1	CAPAN1_PANCREAS
ACH.000355.NCIH82	NCIH82_LUNG
ACH.000356.MKN45	MKN45_STOMACH
ACH.000357.JEKO1	JEKO1_HAEMATOPOIETIC_AND_LYMPHOID_TISSUE
ACH.000358.NCIH69	NCIH69_LUNG
ACH.000359.MG63	MG63_BONE
ACH.000360.NCIH508	NCIH508_LARGE_INTESTINE
ACH.000361.SKHEP1	SKHEP1_LIVER
ACH.000362.MOLM13	MOLM13_HAEMATOPOIETIC_AND_LYMPHOID_TISSUE
ACH.000363.SKMM2	SKMM2_HAEMATOPOIETIC_AND_LYMPHOID_TISSUE
ACH.000364.U2OS	U2OS_BONE
ACH.000365.SUDHL4	SUDHL4_HAEMATOPOIETIC_AND_LYMPHOID_TISSUE
ACH.000366.SKNDZ	SKNDZ_AUTONOMIC_GANGLIA
ACH.000367.NCIH226	NCIH226_LUNG
ACH.000368.SNU1105	SNU1105_CENTRAL_NERVOUS_SYSTEM
ACH.000369.MOLM16	MOLM16_HAEMATOPOIETIC_AND_LYMPHOID_TISSUE
ACH.000370.SNU626	SNU626_CENTRAL_NERVOUS_SYSTEM
ACH.000371.RL	RL_HAEMATOPOIETIC_AND_LYMPHOID_TISSUE
ACH.000372.P12ICHIKAWA	P12ICHIKAWA_HAEMATOPOIETIC_AND_LYMPHOID_TISSUE
ACH.000373.SKM1	SKM1_HAEMATOPOIETIC_AND_LYMPHOID_TISSUE
ACH.000374.HCC1143	HCC1143_BREAST
ACH.000375.G402	G402_SOFT_TISSUE
ACH.000376.SF295	SF295_CENTRAL_NERVOUS_SYSTEM
ACH.000377.SNU478	SNU478_BILIARY_TRACT
ACH.000378.NCIH647	NCIH647_LUNG
ACH.000379.NCIH1781	NCIH1781_LUNG
ACH.000380.KMS12BM	KMS12BM_HAEMATOPOIETIC_AND_LYMPHOID_TISSUE
ACH.000381.T84	T84_LARGE_INTESTINE
ACH.000382.CORL24	CORL24_LUNG
ACH.000383.OE33	OE33_OESOPHAGUS
ACH.000384.SW780	SW780_URINARY_TRACT
ACH.000385.SKRC20	SKRC20_KIDNEY
ACH.000386.KG1	KG1_HAEMATOPOIETIC_AND_LYMPHOID_TISSUE
ACH.000387.TF1	TF1_HAEMATOPOIETIC_AND_LYMPHOID_TISSUE
ACH.000388.NUDHL1	NUDHL1_HAEMATOPOIETIC_AND_LYMPHOID_TISSUE
ACH.000389.H4	H4_CENTRAL_NERVOUS_SYSTEM
ACH.000390.LUDLU1	LUDLU1_LUNG
ACH.000391.MHHES1	MHHES1_BONE
ACH.000392.CALU3	CALU3_LUNG
ACH.000393.HLF	HLF_LIVER
ACH.000394.NCIH2081	NCIH2081_LUNG
ACH.000395.NCIH520	NCIH520_LUNG
ACH.000396.J82	J82_URINARY_TRACT
ACH.000397.TEN	TEN_ENDOMETRIUM
ACH.000398.RI1	RI1_HAEMATOPOIETIC_AND_LYMPHOID_TISSUE
ACH.000399.NCIH2196	NCIH2196_LUNG
ACH.000400.SKCO1	SKCO1_LARGE_INTESTINE
ACH.000401.COLO800	COLO800_SKIN
ACH.000402.BL70	BL70_HAEMATOPOIETIC_AND_LYMPHOID_TISSUE
ACH.000403.NCIH747	NCIH747_LARGE_INTESTINE
ACH.000404.K029AX	K029AX_SKIN
ACH.000405.MEC1	MEC1_HAEMATOPOIETIC_AND_LYMPHOID_TISSUE
ACH.000406.U937	U937_HAEMATOPOIETIC_AND_LYMPHOID_TISSUE
ACH.000407.SNU685	SNU685_ENDOMETRIUM
ACH.000408.TE5	TE5_OESOPHAGUS
ACH.000409.OVSAHO	OVSAHO_OVARY
ACH.000410.SAOS2	SAOS2_BONE
ACH.000411.769P	769P_KIDNEY
ACH.000412.SNU1197	SNU1197_LARGE_INTESTINE
ACH.000413.HS739T	HS739T_FIBROBLAST
ACH.000414.NCIH1944	NCIH1944_LUNG
ACH.000415.BICR6	BICR6_UPPER_AERODIGESTIVE_TRACT
ACH.000416.NCIH838	NCIH838_LUNG
ACH.000417.PANC0813	PANC0813_PANCREAS
ACH.000418.SW1353	SW1353_BONE
ACH.000419.KMS28BM	KMS28BM_HAEMATOPOIETIC_AND_LYMPHOID_TISSUE
ACH.000420.SNU449	SNU449_LIVER
ACH.000421.SW837	SW837_LARGE_INTESTINE
ACH.000422.SNU475	SNU475_LIVER
ACH.000423.SKMEL3	SKMEL3_SKIN
ACH.000424.TC71	TC71_BONE
ACH.000425.UACC62	UACC62_SKIN
ACH.000427.NCIN87	NCIN87_STOMACH
ACH.000428.UO31	UO31_KIDNEY
ACH.000429.A704	A704_KIDNEY
ACH.000430.TYKNU	TYKNU_OVARY
ACH.000431.NCIH1694	NCIH1694_LUNG
ACH.000432.BV173	BV173_HAEMATOPOIETIC_AND_LYMPHOID_TISSUE
ACH.000433.CAKI1	CAKI1_KIDNEY
ACH.000434.NCIH1915	NCIH1915_LUNG
ACH.000435.EFE184	EFE184_ENDOMETRIUM
ACH.000436.OCIMY7	OCIMY7_HAEMATOPOIETIC_AND_LYMPHOID_TISSUE
ACH.000437.SW1088	SW1088_CENTRAL_NERVOUS_SYSTEM
ACH.000438.LU65	LU65_LUNG
ACH.000439.ME1	ME1_HAEMATOPOIETIC_AND_LYMPHOID_TISSUE
ACH.000440.CA46	CA46_HAEMATOPOIETIC_AND_LYMPHOID_TISSUE
ACH.000441.SH4	SH4_SKIN
ACH.000442.RERFLCSQ1	RERFLCSQ1_LUNG
ACH.000443.OVKATE	OVKATE_OVARY
ACH.000444.LU99	LU99_LUNG
ACH.000445.KNS60	KNS60_CENTRAL_NERVOUS_SYSTEM
ACH.000446.KPNSI9S	KPNSI9S_AUTONOMIC_GANGLIA
ACH.000447.NCIH2228	NCIH2228_LUNG
ACH.000448.NCIH1666	NCIH1666_LUNG
ACH.000449.MESSA	MESSA_SOFT_TISSUE
ACH.000450.MELHO	MELHO_SKIN
ACH.000451.NCIH2085	NCIH2085_LUNG
ACH.000452.TE8	TE8_OESOPHAGUS
ACH.000453.MOLP2	MOLP2_HAEMATOPOIETIC_AND_LYMPHOID_TISSUE
ACH.000454.HCC95	HCC95_LUNG
ACH.000455.LN428	LN428_CENTRAL_NERVOUS_SYSTEM
ACH.000456.BCPAP	BCPAP_THYROID
ACH.000457.CAL54	CAL54_KIDNEY
ACH.000458.CJM	CJM_SKIN
ACH.000459.TUHR10TKB	TUHR10TKB_KIDNEY
ACH.000460.SNU8	SNU8_OVARY
ACH.000461.SNU1196	SNU1196_BILIARY_TRACT
ACH.000462.NALM1	NALM1_HAEMATOPOIETIC_AND_LYMPHOID_TISSUE
ACH.000463.NCIH460	NCIH460_LUNG
ACH.000464.CAS1	CAS1_CENTRAL_NERVOUS_SYSTEM
ACH.000465.SKMEL1	SKMEL1_SKIN
ACH.000466.SNU216	SNU216_STOMACH
ACH.000467.HCC56	HCC56_LARGE_INTESTINE
ACH.000468.PK45H	PK45H_PANCREAS
ACH.000469.YH13	YH13_CENTRAL_NERVOUS_SYSTEM
ACH.000470.SW1463	SW1463_LARGE_INTESTINE
ACH.000471.LI7	LI7_LIVER
ACH.000472.HSC2	HSC2_UPPER_AERODIGESTIVE_TRACT
ACH.000473.RT112	RT112_URINARY_TRACT
ACH.000475.HUH1	HUH1_LIVER
ACH.000476.JHH4	JHH4_LIVER
ACH.000477.MALME3M	MALME3M_SKIN
ACH.000478.SNU387	SNU387_LIVER
ACH.000479.KNS81	KNS81_CENTRAL_NERVOUS_SYSTEM
ACH.000480.HUH7	HUH7_LIVER
ACH.000481.NCIH2170	NCIH2170_LUNG
ACH.000482.RERFLCKJ	RERFLCKJ_LUNG
ACH.000483.SNU182	SNU182_LIVER
ACH.000484.VMRCRCW	VMRCRCW_KIDNEY
ACH.000485.GSU	GSU_STOMACH
ACH.000486.KU1919	KU1919_URINARY_TRACT
ACH.000487.F36P	F36P_HAEMATOPOIETIC_AND_LYMPHOID_TISSUE
ACH.000488.TE11	TE11_OESOPHAGUS
ACH.000489.SW1116	SW1116_LARGE_INTESTINE
ACH.000490.SF767	SF767_CENTRAL_NERVOUS_SYSTEM
ACH.000491.NCIH716	NCIH716_LARGE_INTESTINE
ACH.000492.MUTZ5	MUTZ5_HAEMATOPOIETIC_AND_LYMPHOID_TISSUE
ACH.000493.SNU423	SNU423_LIVER
ACH.000494.OELE	OELE_OVARY
ACH.000495.TUHR4TKB	TUHR4TKB_KIDNEY
ACH.000496.NCIH1792	NCIH1792_LUNG
ACH.000498.KO52	KO52_HAEMATOPOIETIC_AND_LYMPHOID_TISSUE
ACH.000499.EW8	EW8_BONE
ACH.000500.SNU46	SNU46_UPPER_AERODIGESTIVE_TRACT
ACH.000501.LS123	LS123_LARGE_INTESTINE
ACH.000502.TCCPAN2	TCCPAN2_PANCREAS
ACH.000503.BICR16	BICR16_UPPER_AERODIGESTIVE_TRACT
ACH.000504.SNB75	SNB75_CENTRAL_NERVOUS_SYSTEM
ACH.000505.RKN	RKN_SOFT_TISSUE
ACH.000506.NCIH146	NCIH146_LUNG
ACH.000507.KE39	KE39_STOMACH
ACH.000508.CORL88	CORL88_LUNG
ACH.000509.HUT78	HUT78_HAEMATOPOIETIC_AND_LYMPHOID_TISSUE
ACH.000510.NCIH1299	NCIH1299_LUNG
ACH.000511.CALU1	CALU1_LUNG
ACH.000512.INA6	INA6_HAEMATOPOIETIC_AND_LYMPHOID_TISSUE
ACH.000513.SNU1272	SNU1272_KIDNEY
ACH.000514.NCIH1092	NCIH1092_LUNG
ACH.000515.HCC33	HCC33_LUNG
ACH.000516.CAL78	CAL78_BONE
ACH.000517.SNU410	SNU410_PANCREAS
ACH.000518.CAL33	CAL33_UPPER_AERODIGESTIVE_TRACT
ACH.000519.PEER	PEER_HAEMATOPOIETIC_AND_LYMPHOID_TISSUE
ACH.000520.59M	59M_OVARY
ACH.000521.NCIH2030	NCIH2030_LUNG
ACH.000522.UMUC3	UMUC3_URINARY_TRACT
ACH.000523.NCIH1184	NCIH1184_LUNG
ACH.000524.KURAMOCHI	KURAMOCHI_OVARY
ACH.000525.NCIH2171	NCIH2171_LUNG
ACH.000526.HS821T	HS821T_FIBROBLAST
ACH.000527.OVISE	OVISE_OVARY
ACH.000528.ABC1	ABC1_LUNG
ACH.000529.T173	T173_FIBROBLAST
ACH.000530.DMS114	DMS114_LUNG
ACH.000531.RS5	RS5_FIBROBLAST
ACH.000532.SNU61	SNU61_LARGE_INTESTINE
ACH.000533.NCIH2004RT	NCIH2004RT_SOFT_TISSUE
ACH.000534.WSUDLCL2	WSUDLCL2_HAEMATOPOIETIC_AND_LYMPHOID_TISSUE
ACH.000535.BXPC3	BXPC3_PANCREAS
ACH.000536.BT20	BT20_BREAST
ACH.000537.SNU761	SNU761_LIVER
ACH.000538.HUTU80	HUTU80_SMALL_INTESTINE
ACH.000539.HS618T	HS618T_FIBROBLAST
ACH.000540.HS606T	HS606T_FIBROBLAST
ACH.000541.KMS34	KMS34_HAEMATOPOIETIC_AND_LYMPHOID_TISSUE
ACH.000542.HEYA8	HEYA8_OVARY
ACH.000543.SNU489	SNU489_CENTRAL_NERVOUS_SYSTEM
ACH.000544.OE21	OE21_OESOPHAGUS
ACH.000545.VMCUB1	VMCUB1_URINARY_TRACT
ACH.000546.HSC4	HSC4_UPPER_AERODIGESTIVE_TRACT
ACH.000547.HT1197	HT1197_URINARY_TRACT
ACH.000548.BHY	BHY_UPPER_AERODIGESTIVE_TRACT
ACH.000549.SNU1076	SNU1076_UPPER_AERODIGESTIVE_TRACT
ACH.000550.IGR39	IGR39_SKIN
ACH.000551.K562	K562_HAEMATOPOIETIC_AND_LYMPHOID_TISSUE
ACH.000552.HT29	HT29_LARGE_INTESTINE
ACH.000553.SQ1	SQ1_LUNG
ACH.000554.UACC893	UACC893_BREAST
ACH.000555.A498	A498_KIDNEY
ACH.000556.SIHA	SIHA_CERVIX
ACH.000557.AML193	AML193_HAEMATOPOIETIC_AND_LYMPHOID_TISSUE
ACH.000558.A172	A172_CENTRAL_NERVOUS_SYSTEM
ACH.000559.NCIH1836	NCIH1836_LUNG
ACH.000560.ECC10	ECC10_STOMACH
ACH.000561.TDOTT	TT_OESOPHAGUS
ACH.000562.HCC78	HCC78_LUNG
ACH.000563.EBC1	EBC1_LUNG
ACH.000564.KHM1B	KHM1B_HAEMATOPOIETIC_AND_LYMPHOID_TISSUE
ACH.000565.RCM1	RCM1_LARGE_INTESTINE
ACH.000566.SW1710	SW1710_URINARY_TRACT
ACH.000567.ST486	ST486_HAEMATOPOIETIC_AND_LYMPHOID_TISSUE
ACH.000568.UACC812	UACC812_BREAST
ACH.000569.ISTMES1	ISTMES1_PLEURA
ACH.000570.YKG1	YKG1_CENTRAL_NERVOUS_SYSTEM
ACH.000571.T98G	T98G_CENTRAL_NERVOUS_SYSTEM
ACH.000572.G361	G361_SKIN
ACH.000573.MDAMB436	MDAMB436_BREAST
ACH.000574.FUOV1	FUOV1_OVARY
ACH.000575.HCC364	HCC364_LUNG
ACH.000576.KMS27	KMS27_HAEMATOPOIETIC_AND_LYMPHOID_TISSUE
ACH.000577.JHH2	JHH2_LIVER
ACH.000578.HCC1171	HCC1171_LUNG
ACH.000579.UACC257	UACC257_SKIN
ACH.000580.C32	C32_SKIN
ACH.000581.SNU16	SNU16_STOMACH
ACH.000582.COLO741	COLO741_SKIN
ACH.000583.MC116	MC116_HAEMATOPOIETIC_AND_LYMPHOID_TISSUE
ACH.000584.JHOS4	JHOS4_OVARY
ACH.000585.EPLC272H	EPLC272H_LUNG
ACH.000586.NCIH1876	NCIH1876_LUNG
ACH.000587.NCIH1975	NCIH1975_LUNG
ACH.000588.KMS26	KMS26_HAEMATOPOIETIC_AND_LYMPHOID_TISSUE
ACH.000589.NCIH1437	NCIH1437_LUNG
ACH.000590.NCIH2073	NCIH2073_LUNG
ACH.000591.LN235	LN235_CENTRAL_NERVOUS_SYSTEM
ACH.000592.TM31	TM31_CENTRAL_NERVOUS_SYSTEM
ACH.000593.BC3C	BC3C_URINARY_TRACT
ACH.000594.DMS153	DMS153_LUNG
ACH.000595.LN229	LN229_CENTRAL_NERVOUS_SYSTEM
ACH.000596.LCLC97TM1	LCLC97TM1_LUNG
ACH.000597.TTC709	TTC709_SOFT_TISSUE
ACH.000598.KMS21BM	KMS21BM_HAEMATOPOIETIC_AND_LYMPHOID_TISSUE
ACH.000599.PATU8902	PATU8902_PANCREAS
ACH.000600.SLR26	SLR26_KIDNEY
ACH.000601.MIAPACA2	MIAPACA2_PANCREAS
ACH.000602.M07E	M07E_HAEMATOPOIETIC_AND_LYMPHOID_TISSUE
ACH.000603.BEN	BEN_LUNG
ACH.000604.KYO1	KYO1_HAEMATOPOIETIC_AND_LYMPHOID_TISSUE
ACH.000605.TE6	TE6_OESOPHAGUS
ACH.000606.PECAPJ34CLONEC12	PECAPJ34CLONEC12_UPPER_AERODIGESTIVE_TRACT
ACH.000607.KYM1	KYM1_SOFT_TISSUE
ACH.000608.COV644	COV644_OVARY
ACH.000609.SF126	SF126_CENTRAL_NERVOUS_SYSTEM
ACH.000610.NCIH2227	NCIH2227_LUNG
ACH.000611.SUDHL6	SUDHL6_HAEMATOPOIETIC_AND_LYMPHOID_TISSUE
ACH.000612.HUT102	HUT102_HAEMATOPOIETIC_AND_LYMPHOID_TISSUE
ACH.000613.HOS	HOS_BONE
ACH.000614.RVH421	RVH421_SKIN
ACH.000615.SKMEL28	SKMEL28_SKIN
ACH.000616.HS746T	HS746T_STOMACH
ACH.000617.OVCAR4	OVCAR4_OVARY
ACH.000618.SNU1041	SNU1041_UPPER_AERODIGESTIVE_TRACT
ACH.000619.PECAPJ15	PECAPJ15_UPPER_AERODIGESTIVE_TRACT
ACH.000620.JHH1	JHH1_LIVER
ACH.000621.MDAMB157	MDAMB157_BREAST
ACH.000622.KNS42	KNS42_CENTRAL_NERVOUS_SYSTEM
ACH.000623.SNU201	SNU201_CENTRAL_NERVOUS_SYSTEM
ACH.000624.HCC1806	HCC1806_BREAST
ACH.000625.HEP3B217	HEP3B217_LIVER
ACH.000626.U266B1	U266B1_HAEMATOPOIETIC_AND_LYMPHOID_TISSUE
ACH.000627.LCLC103H	LCLC103H_LUNG
ACH.000628.NCIH596	NCIH596_LUNG
ACH.000629.IOMMLEE	IOMMLEE_CENTRAL_NERVOUS_SYSTEM
ACH.000630.YD8	YD8_UPPER_AERODIGESTIVE_TRACT
ACH.000631.KS1	KS1_CENTRAL_NERVOUS_SYSTEM
ACH.000632.HS944T	HS944T_SKIN
ACH.000633.FU97	FU97_STOMACH
ACH.000634.LN340	LN340_CENTRAL_NERVOUS_SYSTEM
ACH.000635.SNU119	SNU119_OVARY
ACH.000636.RPMI8402	RPMI8402_HAEMATOPOIETIC_AND_LYMPHOID_TISSUE
ACH.000637.KYSE520	KYSE520_OESOPHAGUS
ACH.000638.NCIH441	NCIH441_LUNG
ACH.000639.NCIH211	NCIH211_LUNG
ACH.000640.SKMEL31	SKMEL31_SKIN
ACH.000641.CMK	CMK_HAEMATOPOIETIC_AND_LYMPHOID_TISSUE
ACH.000642.HMEL	HMEL_BREAST
ACH.000643.HDQP1	HDQP1_BREAST
ACH.000644.COLO829	COLO829_SKIN
ACH.000646.OVMANA	OVMANA_OVARY
ACH.000647.TE1	TE1_OESOPHAGUS
ACH.000648.NCIH28	NCIH28_PLEURA
ACH.000649.786O	786O_KIDNEY
ACH.000650.IGR37	IGR37_SKIN
ACH.000651.SW620	SW620_LARGE_INTESTINE
ACH.000652.SUIT2	SUIT2_PANCREAS
ACH.000653.JJN3	JJN3_HAEMATOPOIETIC_AND_LYMPHOID_TISSUE
ACH.000654.RAJI	RAJI_HAEMATOPOIETIC_AND_LYMPHOID_TISSUE
ACH.000655.SF268	SF268_CENTRAL_NERVOUS_SYSTEM
ACH.000656.SUDHL8	SUDHL8_HAEMATOPOIETIC_AND_LYMPHOID_TISSUE
ACH.000657.A2780	A2780_OVARY
ACH.000659.SCLC21H	SCLC21H_LUNG
ACH.000660.SUDHL5	SUDHL5_HAEMATOPOIETIC_AND_LYMPHOID_TISSUE
ACH.000661.WM1799	WM1799_SKIN
ACH.000662.CORL23	CORL23_LUNG
ACH.000663.OVTOKO	OVTOKO_OVARY
ACH.000664.SUDHL1	SUDHL1_HAEMATOPOIETIC_AND_LYMPHOID_TISSUE
ACH.000665.SKMES1	SKMES1_LUNG
ACH.000666.NCIH1355	NCIH1355_LUNG
ACH.000667.HCC44	HCC44_LUNG
ACH.000668.HCC70	HCC70_BREAST
ACH.000669.SW900	SW900_LUNG
ACH.000670.SBC5	SBC5_LUNG
ACH.000671.HUH6	HUH6_LIVER
ACH.000672.IALM	IALM_LUNG
ACH.000673.LN443	LN443_CENTRAL_NERVOUS_SYSTEM
ACH.000674.NUGC4	NUGC4_STOMACH
ACH.000675.NCIH1734	NCIH1734_LUNG
ACH.000676.LN464	LN464_CENTRAL_NERVOUS_SYSTEM
ACH.000677.SW1573	SW1573_LUNG
ACH.000678.MKN7	MKN7_STOMACH
ACH.000679.OE19	OE19_OESOPHAGUS
ACH.000680.SW948	SW948_LARGE_INTESTINE
ACH.000681.A549	A549_LUNG
ACH.000682.SNU1066	SNU1066_UPPER_AERODIGESTIVE_TRACT
ACH.000683.SNU503	SNU503_LARGE_INTESTINE
ACH.000684.KMRC1	KMRC1_KIDNEY
ACH.000685.L33	L33_PANCREAS
ACH.000686.SNU878	SNU878_LIVER
ACH.000687.CI1	CI1_HAEMATOPOIETIC_AND_LYMPHOID_TISSUE
ACH.000688.OV7	OV7_OVARY
ACH.000689.RH18	RH18_SOFT_TISSUE
ACH.000690.HCC2814	HCC2814_LUNG
ACH.000691.HCC2157	HCC2157_BREAST
ACH.000692.SNU899	SNU899_UPPER_AERODIGESTIVE_TRACT
ACH.000693.KYSE180	KYSE180_OESOPHAGUS
ACH.000694.TE9	TE9_OESOPHAGUS
ACH.000695.CORL47	CORL47_LUNG
ACH.000696.OVCAR8	OVCAR8_OVARY
ACH.000697.A3KAW	A3KAW_HAEMATOPOIETIC_AND_LYMPHOID_TISSUE
ACH.000698.DMS53	DMS53_LUNG
ACH.000699.HCC1395	HCC1395_BREAST
ACH.000700.NCIH2882	NCIH2882_LUNG
ACH.000701.RMUGS	RMUGS_OVARY
ACH.000702.L1236	L1236_HAEMATOPOIETIC_AND_LYMPHOID_TISSUE
ACH.000703.DMS79	DMS79_LUNG
ACH.000704.OAW42	OAW42_OVARY
ACH.000705.LC1F	LC1F_LUNG
ACH.000706.EKVX	EKVX_LUNG
ACH.000707.P3HR1	P3HR1_HAEMATOPOIETIC_AND_LYMPHOID_TISSUE
ACH.000708.SNU283	SNU283_LARGE_INTESTINE
ACH.000709.KMRC2	KMRC2_KIDNEY
ACH.000710.NCIH854	NCIH854_LUNG
ACH.000711.JIMT1	JIMT1_BREAST
ACH.000712.HCC1833	HCC1833_LUNG
ACH.000713.CAOV3	CAOV3_OVARY
ACH.000714.KMS11	KMS11_HAEMATOPOIETIC_AND_LYMPHOID_TISSUE
ACH.000715.SNU1214	SNU1214_UPPER_AERODIGESTIVE_TRACT
ACH.000716.TT2609C02	TT2609C02_THYROID
ACH.000717.COLO680N	COLO680N_OESOPHAGUS
ACH.000718.NCIH2291	NCIH2291_LUNG
ACH.000719.RMGI	RMGI_OVARY
ACH.000720.TCCSUP	TCCSUP_URINARY_TRACT
ACH.000721.HMC18	HMC18_BREAST
ACH.000722.SNUC1	SNUC1_LARGE_INTESTINE
ACH.000723.YD10B	YD10B_UPPER_AERODIGESTIVE_TRACT
ACH.000724.HT1376	HT1376_URINARY_TRACT
ACH.000725.HCC202	HCC202_BREAST
ACH.000726.TE14	TE14_OESOPHAGUS
ACH.000728.KASUMI2	KASUMI2_HAEMATOPOIETIC_AND_LYMPHOID_TISSUE
ACH.000729.NCIH1963	NCIH1963_LUNG
ACH.000730.SKMEL5	SKMEL5_SKIN
ACH.000731.HCC2279	HCC2279_LUNG
ACH.000732.PECAPJ41CLONED2	PECAPJ41CLONED2_UPPER_AERODIGESTIVE_TRACT
ACH.000733.NCIH1838	NCIH1838_LUNG
ACH.000734.JHH5	JHH5_LIVER
ACH.000735.PECAPJ49	PECAPJ49_UPPER_AERODIGESTIVE_TRACT
ACH.000736.SNU601	SNU601_STOMACH
ACH.000737.NCIH1385	NCIH1385_LUNG
ACH.000738.GB1	GB1_CENTRAL_NERVOUS_SYSTEM
ACH.000739.HEPG2	HEPG2_LIVER
ACH.000740.A253	A253_SALIVARY_GLAND
ACH.000741.UBLC1	UBLC1_URINARY_TRACT
ACH.000742.DM3	DM3_FIBROBLAST
ACH.000743.CORL95	CORL95_LUNG
ACH.000744.NCIH1623	NCIH1623_LUNG
ACH.000745.MOLP8	MOLP8_HAEMATOPOIETIC_AND_LYMPHOID_TISSUE
ACH.000746.GSS	GSS_STOMACH
ACH.000747.NCIH1703	NCIH1703_LUNG
ACH.000748.SJSA1	SJSA1_BONE
ACH.000749.DMS273	DMS273_LUNG
ACH.000750.LOXIMVI	LOXIMVI_SKIN
ACH.000751.OCIM1	OCIM1_HAEMATOPOIETIC_AND_LYMPHOID_TISSUE
ACH.000752.NCIH196	NCIH196_LUNG
ACH.000753.JMSU1	JMSU1_URINARY_TRACT
ACH.000754.L428	L428_HAEMATOPOIETIC_AND_LYMPHOID_TISSUE
ACH.000755.HCC2218	HCC2218_BREAST
ACH.000756.GI1	GI1_CENTRAL_NERVOUS_SYSTEM
ACH.000757.A427	A427_LUNG
ACH.000758.MKN74	MKN74_STOMACH
ACH.000759.MDAMB175VII	MDAMB175VII_BREAST
ACH.000760.LNZ308	LNZ308_CENTRAL_NERVOUS_SYSTEM
ACH.000761.NUGC2	NUGC2_STOMACH
ACH.000762.YD38	YD38_UPPER_AERODIGESTIVE_TRACT
ACH.000763.MM1S	MM1S_HAEMATOPOIETIC_AND_LYMPHOID_TISSUE
ACH.000764.SH10TC	SH10TC_STOMACH
ACH.000765.WM983B	WM983B_SKIN
ACH.000766.NCIH1648	NCIH1648_LUNG
ACH.000767.NCIH526	NCIH526_LUNG
ACH.000768.MDAMB231	MDAMB231_BREAST
ACH.000769.LK2	LK2_LUNG
ACH.000770.P31FUJ	P31FUJ_HAEMATOPOIETIC_AND_LYMPHOID_TISSUE
ACH.000771.BICR56	BICR56_UPPER_AERODIGESTIVE_TRACT
ACH.000772.TE441T	TE441T_SOFT_TISSUE
ACH.000773.KIJK	KIJK_HAEMATOPOIETIC_AND_LYMPHOID_TISSUE
ACH.000774.RERFLCAD2	RERFLCAD2_LUNG
ACH.000775.NCIH727	NCIH727_LUNG
ACH.000776.ONS76	ONS76_CENTRAL_NERVOUS_SYSTEM
ACH.000777.KYSE30	KYSE30_OESOPHAGUS
ACH.000778.HSC3	HSC3_UPPER_AERODIGESTIVE_TRACT
ACH.000779.PC9	PC9_LUNG
ACH.000780.NCIH1105	NCIH1105_LUNG
ACH.000781.NCIH2023	NCIH2023_LUNG
ACH.000782.SEM	SEM_HAEMATOPOIETIC_AND_LYMPHOID_TISSUE
ACH.000783.CAMA1	CAMA1_BREAST
ACH.000784.KYSE70	KYSE70_OESOPHAGUS
ACH.000785.NCIH2126	NCIH2126_LUNG
ACH.000786.DAUDI	DAUDI_HAEMATOPOIETIC_AND_LYMPHOID_TISSUE
ACH.000787.LXF289	LXF289_LUNG
ACH.000788.A2058	A2058_SKIN
ACH.000789.NCIH810	NCIH810_LUNG
ACH.000790.SHP77	SHP77_LUNG
ACH.000791.RERFLCAD1	RERFLCAD1_LUNG
ACH.000792.BFTC909	BFTC909_KIDNEY
ACH.000793.KATOIII	KATOIII_STOMACH
ACH.000794.BICR22	BICR22_UPPER_AERODIGESTIVE_TRACT
ACH.000796.MCAS	MCAS_OVARY
ACH.000797.HLFA	HLFA_FIBROBLAST
ACH.000798.CL40	CL40_LARGE_INTESTINE
ACH.000799.HS695T	HS695T_SKIN
ACH.000800.NCIH446	NCIH446_LUNG
ACH.000801.HS936T	HS936T_SKIN
ACH.000802.BFTC905	BFTC905_URINARY_TRACT
ACH.000803.COLO668	COLO668_LUNG
ACH.000804.NB1	NB1_AUTONOMIC_GANGLIA
ACH.000805.COLO679	COLO679_SKIN
ACH.000806.L540	L540_HAEMATOPOIETIC_AND_LYMPHOID_TISSUE
ACH.000807.SNU738	SNU738_CENTRAL_NERVOUS_SYSTEM
ACH.000808.HUH28	HUH28_BILIARY_TRACT
ACH.000809.KYSE410	KYSE410_OESOPHAGUS
ACH.000810.SKMEL30	SKMEL30_SKIN
ACH.000811.SKOV3	SKOV3_OVARY
ACH.000812.COLO783	COLO783_SKIN
ACH.000813.T3M10	T3M10_LUNG
ACH.000814.HS939T	HS939T_SKIN
ACH.000815.KMH2	KMH2_HAEMATOPOIETIC_AND_LYMPHOID_TISSUE
ACH.000816.NCIH524	NCIH524_LUNG
ACH.000817.RPMI8226	RPMI8226_HAEMATOPOIETIC_AND_LYMPHOID_TISSUE
ACH.000818.BT483	BT483_BREAST
ACH.000819.LN18	LN18_CENTRAL_NERVOUS_SYSTEM
ACH.000820.SW403	SW403_LARGE_INTESTINE
ACH.000821.EJM	EJM_HAEMATOPOIETIC_AND_LYMPHOID_TISSUE
ACH.000822.SKMEL24	SKMEL24_SKIN
ACH.000823.KYSE140	KYSE140_OESOPHAGUS
ACH.000824.KYSE510	KYSE510_OESOPHAGUS
ACH.000825.HOP92	HOP92_LUNG
ACH.000826.CAL12T	CAL12T_LUNG
ACH.000827.WM793	WM793_SKIN
ACH.000828.ZR7530	ZR7530_BREAST
ACH.000829.HUNS1	HUNS1_HAEMATOPOIETIC_AND_LYMPHOID_TISSUE
ACH.000830.NCIH1436	NCIH1436_LUNG
ACH.000831.HEC50B	HEC50B_ENDOMETRIUM
ACH.000832.CAL27	CAL27_UPPER_AERODIGESTIVE_TRACT
ACH.000833.RH30	RH30_SOFT_TISSUE
ACH.000834.UMUC1	UMUC1_URINARY_TRACT
ACH.000835.GCT	GCT_SOFT_TISSUE
ACH.000836.YD15	YD15_SALIVARY_GLAND
ACH.000837.NCIH322	NCIH322_LUNG
ACH.000838.AMO1	AMO1_HAEMATOPOIETIC_AND_LYMPHOID_TISSUE
ACH.000839.SCABER	SCABER_URINARY_TRACT
ACH.000840.HCC366	HCC366_LUNG
ACH.000841.NCIH2087	NCIH2087_LUNG
ACH.000842.SW480	SW480_LARGE_INTESTINE
ACH.000843.HARA	HARA_LUNG
ACH.000844.DMS454	DMS454_LUNG
ACH.000845.NCIH1373	NCIH1373_LUNG
ACH.000846.FADU	FADU_UPPER_AERODIGESTIVE_TRACT
ACH.000847.HGC27	HGC27_STOMACH
ACH.000848.JHH7	JHH7_LIVER
ACH.000849.MDAMB468	MDAMB468_BREAST
ACH.000850.HS698T	HS698T_FIBROBLAST
ACH.000851.MORCPR	MORCPR_LUNG
ACH.000852.NCIH1435	NCIH1435_LUNG
ACH.000853.NCIH661	NCIH661_LUNG
ACH.000854.OCIMY5	OCIMY5_HAEMATOPOIETIC_AND_LYMPHOID_TISSUE
ACH.000855.KYSE150	KYSE150_OESOPHAGUS
ACH.000856.CAL51	CAL51_BREAST
ACH.000857.CAL851	CAL851_BREAST
ACH.000858.KNS62	KNS62_LUNG
ACH.000859.HCC1954	HCC1954_BREAST
ACH.000860.NCIH358	NCIH358_LUNG
ACH.000861.HOP62	HOP62_LUNG
ACH.000862.KMBC2	KMBC2_URINARY_TRACT
ACH.000863.DBTRG05MG	DBTRG05MG_CENTRAL_NERVOUS_SYSTEM
ACH.000864.COLO684	COLO684_ENDOMETRIUM
ACH.000865.KYSE450	KYSE450_OESOPHAGUS
ACH.000866.NCIH1048	NCIH1048_LUNG
ACH.000867.CHAGOK1	CHAGOK1_LUNG
ACH.000868.HCC1195	HCC1195_LUNG
ACH.000869.NCIH1568	NCIH1568_LUNG
ACH.000870.NCIH1930	NCIH1930_LUNG
ACH.000871.NCIH510	NCIH510_LUNG
ACH.000872.HCC515	HCC515_LUNG
ACH.000873.KYSE270	KYSE270_OESOPHAGUS
ACH.000874.RS411	RS411_HAEMATOPOIETIC_AND_LYMPHOID_TISSUE
ACH.000875.NCIH2347	NCIH2347_LUNG
ACH.000876.MDAMB415	MDAMB415_BREAST
ACH.000877.EB1	EB1_HAEMATOPOIETIC_AND_LYMPHOID_TISSUE
ACH.000878.HCC15	HCC15_LUNG
ACH.000879.MFE296	MFE296_ENDOMETRIUM
ACH.000880.AGS	AGS_STOMACH
ACH.000881.MELJUSO	MELJUSO_SKIN
ACH.000882.IGR1	IGR1_SKIN
ACH.000883.SW1783	SW1783_CENTRAL_NERVOUS_SYSTEM
ACH.000884.MDAMB435S	MDAMB435S_SKIN
ACH.000885.TOV21G	TOV21G_OVARY
ACH.000886.NCIH2009	NCIH2009_LUNG
ACH.000887.SF172	SF172_CENTRAL_NERVOUS_SYSTEM
ACH.000888.NCIH1793	NCIH1793_LUNG
ACH.000889.KMM1	KMM1_HAEMATOPOIETIC_AND_LYMPHOID_TISSUE
ACH.000890.SW1271	SW1271_LUNG
ACH.000891.HCC1438	HCC1438_LUNG
ACH.000892.NCIH1563	NCIH1563_LUNG
ACH.000893.NCIH1651	NCIH1651_LUNG
ACH.000894.NCIH1869	NCIH1869_LUNG
ACH.000895.CL34	CL34_LARGE_INTESTINE
ACH.000896.647V	647V_URINARY_TRACT
ACH.000897.FTC238	FTC238_THYROID
ACH.000898.SNU719	SNU719_STOMACH
ACH.000899.WM88	WM88_SKIN
ACH.000900.NCIH23	NCIH23_LUNG
ACH.000901.HCC1359	HCC1359_LUNG
ACH.000902.CAL148	CAL148_BREAST
ACH.000903.FTC133	FTC133_THYROID
ACH.000904.NCIH2106	NCIH2106_LUNG
ACH.000905.5637	5637_URINARY_TRACT
ACH.000906.ES2	ES2_OVARY
ACH.000907.SNU349	SNU349_KIDNEY
ACH.000908.SNU520	SNU520_STOMACH
ACH.000909.JHUEM2	JHUEM2_ENDOMETRIUM
ACH.000910.MDAMB453	MDAMB453_BREAST
ACH.000911.NUGC3	NUGC3_STOMACH
ACH.000912.NCIH2286	NCIH2286_LUNG
ACH.000913.ESS1	ESS1_ENDOMETRIUM
ACH.000914.HT	HT_HAEMATOPOIETIC_AND_LYMPHOID_TISSUE
ACH.000915.IPC298	IPC298_SKIN
ACH.000916.NCIH1573	NCIH1573_LUNG
ACH.000917.TE4	TE4_OESOPHAGUS
ACH.000918.MOLT16	MOLT16_HAEMATOPOIETIC_AND_LYMPHOID_TISSUE
ACH.000919.IM95	IM95_STOMACH
ACH.000920.CMLT1	CMLT1_HAEMATOPOIETIC_AND_LYMPHOID_TISSUE
ACH.000921.NCIH1339	NCIH1339_LUNG
ACH.000922.RCHACV	RCHACV_HAEMATOPOIETIC_AND_LYMPHOID_TISSUE
ACH.000923.BCP1	BCP1_HAEMATOPOIETIC_AND_LYMPHOID_TISSUE
ACH.000924.NCIH2172	NCIH2172_LUNG
ACH.000925.DV90	DV90_LUNG
ACH.000926.HT55	HT55_LARGE_INTESTINE
ACH.000927.BT474	BT474_BREAST
ACH.000928.JHUEM1	JHUEM1_ENDOMETRIUM
ACH.000929.NCIH2110	NCIH2110_LUNG
ACH.000930.HCC1569	HCC1569_BREAST
ACH.000931.HMCB	HMCB_SKIN
ACH.000932.SNU1	SNU1_STOMACH
ACH.000933.SNU324	SNU324_PANCREAS
ACH.000934.MDAMB361	MDAMB361_BREAST
ACH.000935.MDST8	MDST8_LARGE_INTESTINE
ACH.000936.EFO27	EFO27_OVARY
ACH.000937.PF382	PF382_HAEMATOPOIETIC_AND_LYMPHOID_TISSUE
ACH.000938.NALM6	NALM6_HAEMATOPOIETIC_AND_LYMPHOID_TISSUE
ACH.000939.SKUT1	SKUT1_SOFT_TISSUE
ACH.000940.AN3CA	AN3CA_ENDOMETRIUM
ACH.000941.HEC1B	HEC1B_ENDOMETRIUM
ACH.000942.HPBALL	HPBALL_HAEMATOPOIETIC_AND_LYMPHOID_TISSUE
ACH.000943.RKO	RKO_LARGE_INTESTINE
ACH.000944.NAMALWA	NAMALWA_HAEMATOPOIETIC_AND_LYMPHOID_TISSUE
ACH.000945.NCIH650	NCIH650_LUNG
ACH.000946.HEC265	HEC265_ENDOMETRIUM
ACH.000947.OVK18	OVK18_OVARY
ACH.000948.2313287	2313287_STOMACH
ACH.000949.TGBC11TKB	TGBC11TKB_STOMACH
ACH.000950.LOVO	LOVO_LARGE_INTESTINE
ACH.000951.NCIH2342	NCIH2342_LUNG
ACH.000952.MDAPCA2B	MDAPCA2B_PROSTATE
ACH.000953.SUPT1	SUPT1_HAEMATOPOIETIC_AND_LYMPHOID_TISSUE
ACH.000954.HEC1A	HEC1A_ENDOMETRIUM
ACH.000955.SNU407	SNU407_LARGE_INTESTINE
ACH.000956.22RV1	22RV1_PROSTATE
ACH.000957.LS180	LS180_LARGE_INTESTINE
ACH.000958.SW48	SW48_LARGE_INTESTINE
ACH.000959.SNUC4	SNUC4_LARGE_INTESTINE
ACH.000960.REH	REH_HAEMATOPOIETIC_AND_LYMPHOID_TISSUE
ACH.000961.ISHIKAWAHERAKLIO02ER	ISHIKAWAHERAKLIO02ER_ENDOMETRIUM
ACH.000962.OC314	OC314_OVARY
ACH.000963.CCK81	CCK81_LARGE_INTESTINE
ACH.000964.MOLT3	MOLT3_HAEMATOPOIETIC_AND_LYMPHOID_TISSUE
ACH.000965.RL952	RL952_ENDOMETRIUM
ACH.000966.IGROV1	IGROV1_OVARY
ACH.000967.SNUC2A	SNUC2A_LARGE_INTESTINE
ACH.000968.COLO792	COLO792_SKIN
ACH.000969.KM12	KM12_LARGE_INTESTINE
ACH.000970.SNUC5	SNUC5_LARGE_INTESTINE
ACH.000971.HCT116	HCT116_LARGE_INTESTINE
ACH.000972.HEC151	HEC151_ENDOMETRIUM
ACH.000973.639V	639V_URINARY_TRACT
ACH.000974.SNGM	SNGM_ENDOMETRIUM
ACH.000975.HCC2450	HCC2450_LUNG
ACH.000976.HUCCT1	HUCCT1_BILIARY_TRACT
ACH.000977.LNCAPCLONEFGC	LNCAPCLONEFGC_PROSTATE
ACH.000978.EN	EN_ENDOMETRIUM
ACH.000980.NCIH1155	NCIH1155_LUNG
ACH.000981.DND41	DND41_HAEMATOPOIETIC_AND_LYMPHOID_TISSUE
ACH.000982.GP2D	GP2D_LARGE_INTESTINE
ACH.000983.KCL22	KCL22_HAEMATOPOIETIC_AND_LYMPHOID_TISSUE
ACH.000984.HEC6	HEC6_ENDOMETRIUM
ACH.000985.LS411N	LS411N_LARGE_INTESTINE
ACH.000986.HT115	HT115_LARGE_INTESTINE
ACH.000987.MEWO	MEWO_SKIN
ACH.000988.MFE319	MFE319_ENDOMETRIUM
ACH.000989.SNU175	SNU175_LARGE_INTESTINE
ACH.000990.HEC108	HEC108_ENDOMETRIUM
ACH.000991.SNU81	SNU81_LARGE_INTESTINE
ACH.000993.JHUEM7	JHUEM7_ENDOMETRIUM
ACH.000994.HEC59	HEC59_ENDOMETRIUM
ACH.000995.JURKAT	JURKAT_HAEMATOPOIETIC_AND_LYMPHOID_TISSUE
ACH.000996.HEC251	HEC251_ENDOMETRIUM
ACH.000997.HCT15	HCT15_LARGE_INTESTINE
ACH.000998.CW2	CW2_LARGE_INTESTINE
ACH.000999.SNU1040	SNU1040_LARGE_INTESTINE
ACH.001001.143B	143B_BONE
ACH.001016.BECKER	BECKER_CENTRAL_NERVOUS_SYSTEM
ACH.001020.BT16	BT16_SOFT_TISSUE
ACH.001022.CBAGPN	CBAGPN_BONE
ACH.001028.CHLA06ATRT	CHLA06ATRT_SOFT_TISSUE
ACH.001029.CHLA10	CHLA10_BONE
ACH.001030.CHLA218	CHLA218_BONE
ACH.001031.CHLA266	CHLA266_SOFT_TISSUE
ACH.001032.CHLA32	CHLA32_BONE
ACH.001033.CHLA57	CHLA57_BONE
ACH.001034.CHLA9	CHLA9_BONE
ACH.001035.CHLA99	CHLA99_BONE
ACH.001036.CMK115	CMK115_HAEMATOPOIETIC_AND_LYMPHOID_TISSUE
ACH.001038.COGE352	COGE352_BONE
ACH.001041.COLO699	COLO699_LUNG
ACH.001048.COV504	COV504_OVARY
ACH.001050.CW9019	CW9019_SOFT_TISSUE
ACH.001053.D425	D425_CENTRAL_NERVOUS_SYSTEM
ACH.001054.D458	D458_CENTRAL_NERVOUS_SYSTEM
ACH.001057.DERL2	DERL2_HAEMATOPOIETIC_AND_LYMPHOID_TISSUE
ACH.001059.DL	DL_SOFT_TISSUE
ACH.001060.DL40	DL40_HAEMATOPOIETIC_AND_LYMPHOID_TISSUE
ACH.001061.DLD1	DLD1_LARGE_INTESTINE
ACH.001067.F5	F5_CENTRAL_NERVOUS_SYSTEM
ACH.001068.FEPD	FEPD_HAEMATOPOIETIC_AND_LYMPHOID_TISSUE
ACH.001075.NCIH292	NCIH292_LUNG
ACH.001086.HELA	HELA_CERVIX
ACH.001096.JR	JR_SOFT_TISSUE
ACH.001097.KARPAS384	KARPAS384_HAEMATOPOIETIC_AND_LYMPHOID_TISSUE
ACH.001098.KCIMOH1	KCIMOH1_PANCREAS
ACH.001099.KD	KD_SOFT_TISSUE
ACH.001100.KHYG	KHYG_HAEMATOPOIETIC_AND_LYMPHOID_TISSUE
ACH.001106.KOPN8	KOPN8_HAEMATOPOIETIC_AND_LYMPHOID_TISSUE
ACH.001109.KPMRTRY	KPMRTRY_SOFT_TISSUE
ACH.001111.L82	L82_HAEMATOPOIETIC_AND_LYMPHOID_TISSUE
ACH.001113.LC1SQSF	LC1SQSF_LUNG
ACH.001119.MAC2A	MAC2A_HAEMATOPOIETIC_AND_LYMPHOID_TISSUE
ACH.001128.MON	MON_SOFT_TISSUE
ACH.001129.MONOMAC1	MONOMAC1_HAEMATOPOIETIC_AND_LYMPHOID_TISSUE
ACH.001132.MTA	MTA_HAEMATOPOIETIC_AND_LYMPHOID_TISSUE
ACH.001134.MYLA	MYLA_HAEMATOPOIETIC_AND_LYMPHOID_TISSUE
ACH.001142.NHAHTDD	NHAHTDD_PRIMARY
ACH.001145.OC316	OC316_OVARY
ACH.001147.OCILY12	OCILY12_HAEMATOPOIETIC_AND_LYMPHOID_TISSUE
ACH.001148.OCILY132	OCILY132_HAEMATOPOIETIC_AND_LYMPHOID_TISSUE
ACH.001151.OVCAR5	OVCAR5_OVARY
ACH.001163.CCLFPEDS0001T	PEDS005TSUSP_KIDNEY
ACH.001164.CCLFPEDS0003T	CCLFPEDS0003T_SOFT_TISSUE
ACH.001172.U251MGDM	U251MGDM_Brain
ACH.001183.RT11284	RT11284_URINARY_TRACT
ACH.001184.SCMCRM2	SCMCRM2_SOFT_TISSUE
ACH.001188.SHSY5Y	SHSY5Y_AUTONOMIC_GANGLIA
ACH.001190.SKMEL2	SKMEL2_SKIN
ACH.001192.SKNEP1	SKNEP1_BONE
ACH.001193.SKPNDW	SKPNDW_BONE
ACH.001194.SKRC31	SKRC31_KIDNEY
ACH.001196.SMSCTR	SMSCTR_SOFT_TISSUE
ACH.001197.SMZ1	SMZ1_HAEMATOPOIETIC_AND_LYMPHOID_TISSUE
ACH.001200.STM9101	STM9101_SOFT_TISSUE
ACH.001201.SUMB002	SUMB002_CENTRAL_NERVOUS_SYSTEM
ACH.001207.TIG3TD	TIG3TD_FIBROBLAST
ACH.001210.TTC1240	TTC1240_SOFT_TISSUE
ACH.001211.TTC549	TTC549_SOFT_TISSUE
ACH.001228.UPCISCC152	UPCISCC152_UPPER_AERODIGESTIVE_TRACT
ACH.001229.UPCISCC154	UPCISCC154_UPPER_AERODIGESTIVE_TRACT
ACH.001232.UW228	UW228_CENTRAL_NERVOUS_SYSTEM
ACH.001239.WM2664	WM2664_SKIN
ACH.001270.127399	127399_SOFT_TISSUE
ACH.001274.SW982	SW982_SOFT_TISSUE
ACH.001275.SYO1	SYO1_SOFT_TISSUE
ACH.001277.YAMATO	YAMATO_SOFT_TISSUE
ACH.001278.BIN67	BIN67_OVARY
ACH.001279.SCCOHT1	SCCOHT1_OVARY
ACH.001280.SCS214	SCS214_SOFT_TISSUE
ACH.001283.TC106	TC106_BONE
ACH.001289.COGAR359	COGAR359_SOFT_TISSUE
ACH.001295.Y79	Y79_AUTONOMIC_GANGLIA
ACH.001300.CHLA15	CHLA15_AUTONOMIC_GANGLIA
ACH.001301.COGN278	COGN278_AUTONOMIC_GANGLIA
ACH.001302.COGN305	COGN305_AUTONOMIC_GANGLIA
ACH.001303.NB1643	NB1643_AUTONOMIC_GANGLIA
ACH.001306.8305C	8305C_THYROID
ACH.001307.8505C	8505C_THYROID
ACH.001310.HA1E	HA1E_KIDNEY
ACH.001318.PLCPRF5	PLCPRF5_LIVER
ACH.001321.TT	TT_THYROID
ACH.001322.CME1	CME1_SOFT_TISSUE
ACH.001328.A431	A431_SKIN
ACH.001329.ANGMCSS	ANGMCSS_CENTRAL_NERVOUS_SYSTEM
ACH.001332.BICR78	BICR78_UPPER_AERODIGESTIVE_TRACT
ACH.001333.C33A	C33A_CERVIX
ACH.001334.C4I	C4I_CERVIX
ACH.001335.C4II	C4II_CERVIX
ACH.001336.CASKI	CASKI_CERVIX
ACH.001338.CHP134	CHP134_AUTONOMIC_GANGLIA
ACH.001339.COLO794	COLO794_SKIN
ACH.001340.COV413A	COV413A_OVARY
ACH.001341.DOTC24510	DOTC24510_CERVIX
ACH.001344.GIMEN	GIMEN_AUTONOMIC_GANGLIA
ACH.001345.GP5D	GP5D_LARGE_INTESTINE
ACH.001346.H103	H103_UPPER_AERODIGESTIVE_TRACT
ACH.001347.H157	H157_UPPER_AERODIGESTIVE_TRACT
ACH.001353.JOPACA1	JOPACA1_PANCREAS
ACH.001354.LAN2	LAN2_AUTONOMIC_GANGLIA
ACH.001356.MB1	MB1_THYROID
ACH.001360.MS751	MS751_CERVIX
ACH.001366.NGP	NGP_AUTONOMIC_GANGLIA
ACH.001367.NMB	NMB_AUTONOMIC_GANGLIA
ACH.001368.OACM51	OACM51_OESOPHAGUS
ACH.001369.OCIC5X	OCIC5X_OVARY
ACH.001370.OCIP5X	OCIP5X_OVARY
ACH.001373.OV17R	OV17R_OVARY
ACH.001374.PA1	PA1_OVARY
ACH.001375.PACADD119	PACADD119_PANCREAS
ACH.001376.PACADD135	PACADD135_PANCREAS
ACH.001377.PACADD137	PACADD137_PANCREAS
ACH.001378.PACADD159	PACADD159_PANCREAS
ACH.001379.PACADD161	PACADD161_PANCREAS
ACH.001380.PACADD165	PACADD165_PANCREAS
ACH.001382.PACADD188	PACADD188_PANCREAS
ACH.001384.RO82W1	RO82W1_THYROID
ACH.001385.RPMI2650	RPMI2650_UPPER_AERODIGESTIVE_TRACT
ACH.001386.SCLC22H	SCLC22H_LUNG
ACH.001388.SUM102PT	SUM102PT_BREAST
ACH.001389.SUM1315MO2	SUM1315MO2_BREAST
ACH.001390.SUM149PT	SUM149PT_BREAST
ACH.001391.SUM159PT	SUM159PT_BREAST
ACH.001392.SUM185PE	SUM185PE_BREAST
ACH.001394.SUM229PE	SUM229PE_BREAST
ACH.001395.SUM44PE	SUM44PE_BREAST
ACH.001396.SUM52PE	SUM52PE_BREAST
ACH.001398.SW156	SW156_KIDNEY
ACH.001399.SW626	SW626_LARGE_INTESTINE
ACH.001400.SW954	SW954_CERVIX
ACH.001401.SW13	SW13_ADRENAL_CORTEX
ACH.001402.SW756	SW756_CERVIX
ACH.001403.TO14	TO14_OVARY
ACH.001407.UMUC13	UMUC13_URINARY_TRACT
ACH.001408.UMUC14	UMUC14_URINARY_TRACT
ACH.001409.UMUC16	UMUC16_URINARY_TRACT
ACH.001410.UMUC4	UMUC4_URINARY_TRACT
ACH.001411.UMUC5	UMUC5_URINARY_TRACT
ACH.001412.UMUC10	UMUC10_URINARY_TRACT
ACH.001413.UMUC11	UMUC11_URINARY_TRACT
ACH.001414.UMUC6	UMUC6_URINARY_TRACT
ACH.001415.UMUC7	UMUC7_URINARY_TRACT
ACH.001416.UMUC9	UMUC9_URINARY_TRACT
ACH.001418.UWB1289	UWB1289_OVARY
ACH.001419.VP229	VP229_BREAST
ACH.001421.WERIRB1	WERIRB1_AUTONOMIC_GANGLIA
ACH.001422.WPE1NA22	WPE1NA22_PROSTATE
ACH.001430.TC138	TC138_BONE
ACH.001433.CCLFPEDS0008T	CCLFPEDS0008T_SOFT_TISSUE
ACH.001441.921	921_UVEA
ACH.001442.A388	A388_SKIN
ACH.001443.ASH3	ASH3_THYROID
ACH.001450.BLUE1	BLUE1_HAEMATOPOIETIC_AND_LYMPHOID_TISSUE
ACH.001451.BOKU	BOKU_CERVIX
ACH.001453.BPH1	BPH1_PROSTATE
ACH.001454.C10	C10_LARGE_INTESTINE
ACH.001456.C125PM	C125PM_LARGE_INTESTINE
ACH.001458.C75	C75_LARGE_INTESTINE
ACH.001459.C80	C80_LARGE_INTESTINE
ACH.001460.C84	C84_LARGE_INTESTINE
ACH.001461.C99	C99_LARGE_INTESTINE
ACH.001484.CI	CI_HAEMATOPOIETIC_AND_LYMPHOID_TISSUE
ACH.001485.CII	CII_HAEMATOPOIETIC_AND_LYMPHOID_TISSUE
ACH.001494.EGI1	EGI1_BILIARY_TRACT
ACH.001495.EMTOKA	EMTOKA_ENDOMETRIUM
ACH.001496.ESO26	ESO26_OESOPHAGUS
ACH.001497.ESO51	ESO51_OESOPHAGUS
ACH.001498.FARAGE	FARAGE_HAEMATOPOIETIC_AND_LYMPHOID_TISSUE
ACH.001500.FLO1	FLO1_OESOPHAGUS
ACH.001509.H357	H357_UPPER_AERODIGESTIVE_TRACT
ACH.001510.H376	H376_UPPER_AERODIGESTIVE_TRACT
ACH.001511.H413	H413_UPPER_AERODIGESTIVE_TRACT
ACH.001513.HCA1	HCA1_CERVIX
ACH.001515.HCS2	HCS2_CERVIX
ACH.001516.HCSC1	HCSC1_CERVIX
ACH.001517.HEC1	HEC1_ENDOMETRIUM
ACH.001518.HEC116	HEC116_ENDOMETRIUM
ACH.001519.HEMCSS	HEMCSS_BONE
ACH.001520.HG3	HG3_HAEMATOPOIETIC_AND_LYMPHOID_TISSUE
ACH.001521.HKA1	HKA1_SKIN
ACH.001522.HMY1	HMY1_SKIN
ACH.001523.HSC1	HSC1_SKIN
ACH.001524.HSC5	HSC5_SKIN
ACH.001525.HT3	HT3_CERVIX
ACH.001526.HUO9	HUO9_BONE
ACH.001528.IHH4	IHH4_THYROID
ACH.001529.JAR	JAR_PLACENTA
ACH.001530.JEG3	JEG3_PLACENTA
ACH.001532.JMURTK2	JMURTK2_SOFT_TISSUE
ACH.001533.KARPAS1718	KARPAS1718_HAEMATOPOIETIC_AND_LYMPHOID_TISSUE
ACH.001536.KKU100	KKU100_BILIARY_TRACT
ACH.001538.KKU213	KKU213_BILIARY_TRACT
ACH.001539.KML1	KML1_HAEMATOPOIETIC_AND_LYMPHOID_TISSUE
ACH.001540.KMLS1	KMLS1_SOFT_TISSUE
ACH.001541.KMS28PE	KMS28PE_HAEMATOPOIETIC_AND_LYMPHOID_TISSUE
ACH.001542.KON	KON_UPPER_AERODIGESTIVE_TRACT
ACH.001543.KOSC2	KOSC2CL343_UPPER_AERODIGESTIVE_TRACT
ACH.001547.LO68	LO68_LUNG
ACH.001548.LS	LS_AUTONOMIC_GANGLIA
ACH.001549.LU135	LU135_LUNG
ACH.001550.MCC13	MCC13_SKIN
ACH.001551.MCC142	MCC142_SKIN
ACH.001552.MCC26	MCC26_SKIN
ACH.001554.MEL202	MEL202_UVEA
ACH.001555.MERO14	MERO14_PLEURA
ACH.001556.MERO25	MERO25_PLEURA
ACH.001557.MERO41	MERO41_PLEURA
ACH.001558.MERO48A	MERO48A_PLEURA
ACH.001559.MERO82	MERO82_PLEURA
ACH.001560.MERO83	MERO83_PLEURA
ACH.001561.MERO84	MERO84_PLEURA
ACH.001562.MERO95	MERO95_PLEURA
ACH.001563.MM127	MM127_SKIN
ACH.001566.MM370	MM370_SKIN
ACH.001567.MM383	MM383_SKIN
ACH.001568.MM386	MM386_SKIN
ACH.001569.MM415	MM415_SKIN
ACH.001570.MM426	MM426_SKIN
ACH.001573.MOLM1	MOLM1_HAEMATOPOIETIC_AND_LYMPHOID_TISSUE
ACH.001574.MOLM14	MOLM14_HAEMATOPOIETIC_AND_LYMPHOID_TISSUE
ACH.001577.MUTZ8	MUTZ8_HAEMATOPOIETIC_AND_LYMPHOID_TISSUE
ACH.001578.NCCIT	NCCIT_TESTIS
ACH.001603.NH12	NH12_AUTONOMIC_GANGLIA
ACH.001605.NO10	NO10_CENTRAL_NERVOUS_SYSTEM
ACH.001607.NOZ	NOZ_LIVER
ACH.001608.NP2	NP2_CENTRAL_NERVOUS_SYSTEM
ACH.001609.NP3	NP3_CENTRAL_NERVOUS_SYSTEM
ACH.001610.NP5	NP5_CENTRAL_NERVOUS_SYSTEM
ACH.001611.NP8	NP8_CENTRAL_NERVOUS_SYSTEM
ACH.001613.OCIAML4	OCIAML4_HAEMATOPOIETIC_AND_LYMPHOID_TISSUE
ACH.001616.OCILY18	OCILY18_HAEMATOPOIETIC_AND_LYMPHOID_TISSUE
ACH.001617.OCILY7	OCILY7_HAEMATOPOIETIC_AND_LYMPHOID_TISSUE
ACH.001618.OCIM2	OCIM2_HAEMATOPOIETIC_AND_LYMPHOID_TISSUE
ACH.001619.OCUG1	OCUG1_BILIARY_TRACT
ACH.001622.ONDA7	ONDA7_CENTRAL_NERVOUS_SYSTEM
ACH.001623.ONDA8	ONDA8_CENTRAL_NERVOUS_SYSTEM
ACH.001624.ONDA9	ONDA9_CENTRAL_NERVOUS_SYSTEM
ACH.001625.OSC19	OSC19_UPPER_AERODIGESTIVE_TRACT
ACH.001626.OSC20	OSC20_UPPER_AERODIGESTIVE_TRACT
ACH.001627.P4E6	P4E6_PROSTATE
ACH.001628.PEA1	PEA1_OVARY
ACH.001630.PEO1	PEO1_OVARY
ACH.001632.PEO4	PEO4_OVARY
ACH.001634.PGA1	PGA1_HAEMATOPOIETIC_AND_LYMPHOID_TISSUE
ACH.001636.RAMOS	RAMOS_HAEMATOPOIETIC_AND_LYMPHOID_TISSUE
ACH.001638.RCK8	RCK8_HAEMATOPOIETIC_AND_LYMPHOID_TISSUE
ACH.001641.SAT	SAT_UPPER_AERODIGESTIVE_TRACT
ACH.001642.SCC3	SCC3_HAEMATOPOIETIC_AND_LYMPHOID_TISSUE
ACH.001645.SEKI	SEKI_SKIN
ACH.001647.SHI1	SHI1_HAEMATOPOIETIC_AND_LYMPHOID_TISSUE
ACH.001648.SHMAC4	SHMAC4_PROSTATE
ACH.001649.SHMAC5	SHMAC5_PROSTATE
ACH.001650.SISO	SISO_CERVIX
ACH.001651.SKGI	SKGI_ENDOMETRIUM
ACH.001652.SKGII	SKGII_ENDOMETRIUM
ACH.001653.SKGT2	SKGT2_STOMACH
ACH.001654.SKGT4	SKGT4_OESOPHAGUS
ACH.001655.SKN	SKN_ENDOMETRIUM
ACH.001656.SKNO1	SKNO1_HAEMATOPOIETIC_AND_LYMPHOID_TISSUE
ACH.001664.SNU638	SNU638_STOMACH
ACH.001668.SUSA	SUSA_TESTIS
ACH.001669.TANOUE	TANOUE_HAEMATOPOIETIC_AND_LYMPHOID_TISSUE
ACH.001670.TASK1	TASK1_CENTRAL_NERVOUS_SYSTEM
ACH.001673.TFK1	TFK1_BILIARY_TRACT
ACH.001674.TGW	TGW_AUTONOMIC_GANGLIA
ACH.001677.U2904	U2904_HAEMATOPOIETIC_AND_LYMPHOID_TISSUE
ACH.001685.UHO1	UHO1_HAEMATOPOIETIC_AND_LYMPHOID_TISSUE
ACH.001687.UMRC3	UMRC3_KIDNEY
ACH.001688.UMRC7	UMRC7_KIDNEY
ACH.001690.UPCISCC026	UPCISCC026_UPPER_AERODIGESTIVE_TRACT
ACH.001692.UPCISCC040	UPCISCC040_UPPER_AERODIGESTIVE_TRACT
ACH.001694.UPCISCC074	UPCISCC074_UPPER_AERODIGESTIVE_TRACT
ACH.001698.UPCISCC116	UPCISCC116_UPPER_AERODIGESTIVE_TRACT
ACH.001699.UPCISCC131	UPCISCC131_UPPER_AERODIGESTIVE_TRACT
ACH.001701.UPCISCC200	UPCISCC200_UPPER_AERODIGESTIVE_TRACT
ACH.001702.VAESBJ	VAESBJ_SOFT_TISSUE
ACH.001703.VAL	VAL_HAEMATOPOIETIC_AND_LYMPHOID_TISSUE
ACH.001707.WAOSEL	WAOSEL_HAEMATOPOIETIC_AND_LYMPHOID_TISSUE
ACH.001711.PFSK1	PFSK1_CENTRAL_NERVOUS_SYSTEM
ACH.001715.CAL72	CAL72_BONE
ACH.001716.GOTO	GOTO_AUTONOMIC_GANGLIA
ACH.001719.OCIC4P	OCIC4P_OVARY
ACH.001735.SEMK2	SEMK2_HAEMATOPOIETIC_AND_LYMPHOID_TISSUE
ACH.001736.HB1119	HB1119_HAEMATOPOIETIC_AND_LYMPHOID_TISSUE
ACH.001737.HSB2	HSB2_HAEMATOPOIETIC_AND_LYMPHOID_TISSUE
ACH.001740.RH28	RH28_SOFT_TISSUE
ACH.001745.RHJT	RHJT_SOFT_TISSUE
ACH.001750.TTC442	TTC442_SOFT_TISSUE
ACH.001751.RH36	RH36_SOFT_TISSUE
ACH.001765.RH4	RH4_SOFT_TISSUE
ACH.001786.SNU1544	SNU1544_LARGE_INTESTINE
ACH.001793.LPS27	LPS27_SOFT_TISSUE
ACH.001794.93T449	93T449_SOFT_TISSUE
ACH.001795.94T778	94T778_SOFT_TISSUE
ACH.001796.95T1000	95T1000_SOFT_TISSUE
ACH.001799.LPS141	LPS141_SOFT_TISSUE
ACH.001802.LPS853	LPS853_SOFT_TISSUE
ACH.001804.LPS510	LPS510_SOFT_TISSUE
ACH.001807.LPS067	LPS067_SOFT_TISSUE
ACH.001814.OS252	OS252_BONE
ACH.001818.C396	C396_BONE
ACH.001819.MFM223	MFM223_BREAST
ACH.001820.COLO824	COLO824_BREAST
ACH.001834.ICC10	ICC10_BILIARY_TRACT
ACH.001835.ICC106	ICC106_BILIARY_TRACT
ACH.001836.ICC108	ICC108_BILIARY_TRACT
ACH.001838.ICC12	ICC12_BILIARY_TRACT
ACH.001839.ICC137	ICC137_BILIARY_TRACT
ACH.001841.ICC15	ICC15_BILIARY_TRACT
ACH.001842.ICC2	ICC2_BILIARY_TRACT
ACH.001843.ICC3	ICC3_BILIARY_TRACT
ACH.001844.ICC4	ICC4_BILIARY_TRACT
ACH.001845.ICC5	ICC5_BILIARY_TRACT
ACH.001846.ICC6	ICC6_BILIARY_TRACT
ACH.001848.ICC8	ICC8_BILIARY_TRACT
ACH.001849.ICC9	ICC9_BILIARY_TRACT
ACH.001850.G415	G415_BILIARY_TRACT
ACH.001852.HKGZCC	HKGZCC_BILIARY_TRACT
ACH.001853.KMCH1	KMCH1_BILIARY_TRACT
ACH.001856.RBE	RBE_BILIARY_TRACT
ACH.001857.SG231	SG231_BILIARY_TRACT
ACH.001858.SSP25	SSP25_BILIARY_TRACT
ACH.001861.TGBC1TKB	TGBC1TKB_BILIARY_TRACT
ACH.001862.TGBC52TKB	TGBC52TKB_BILIARY_TRACT
ACH.001863.TKKK	TKKK_BILIARY_TRACT
ACH.001864.YSCCC	YSCCC_BILIARY_TRACT
ACH.001959.CCLP1	CCLP1_BILIARY_TRACT
ACH.001960.CCSW1	CCSW1_BILIARY_TRACT
ACH.001961.GB2	GB2_BILIARY_TRACT
ACH.001970.MM253	MM253_SKIN
ACH.001973.MM485	MM485_SKIN
ACH.001977.NO36	NO36_LUNG
ACH.001982.NZM3	NZM3_SKIN
ACH.001991.NZOV9	NZOV9_OVARY
ACH.001992.ONE58	ONE58_LUNG
ACH.001993.NALM16	NALM16_HAEMATOPOIETIC_AND_LYMPHOID_TISSUE
ACH.001997.ECC2	ECC2_BILIARY_TRACT
ACH.001999.9505BIK	9505BIK_PANCREAS
ACH.002001.A375SKINCJ1	A375_SKIN_CJ1_RESISTANT
ACH.002002.A375SKINCJ2	A375_SKIN_CJ2_RESISTANT
ACH.002003.A375SKINCJ3	A375_SKIN_CJ3_RESISTANT
ACH.002004.UACC62SKINCJ1	UACC62_SKIN_CJ1_RESISTANT
ACH.002005.SKMEL19	SKMEL19_SKIN
ACH.002011.MP46	MP46_UVEA
ACH.002014.MEL270	MEL270_UVEA
ACH.002015.MEL285	MEL285_UVEA
ACH.002016.MEL290	MEL290_UVEA
ACH.002017.OMM1	OMM1_UVEA
ACH.002018.OMM25	OMM25_UVEA
ACH.002019.HOKUG	HOKUG_CERVIX
ACH.002021.T3M3	T3M3_PLACENTA
ACH.002023.TGBC18TKB	TGBC18TKB_LARGE_INTESTINE
ACH.002024.ECC4	ECC4_LARGE_INTESTINE
ACH.002025.TT1TKB	TT1TKB_LARGE_INTESTINE
ACH.002026.HHUA	HHUA_ENDOMETRIUM
ACH.002027.HOUAI	HOUAI_ENDOMETRIUM
ACH.002029.SAS	SAS_UPPER_AERODIGESTIVE_TRACT
ACH.002038.HSKTC	HSKTC_OVARY
ACH.002039.PK8	PK8_PANCREAS
ACH.002041.HOTHC	HOTHC_THYROID
ACH.002042.T3M5	T3M5_THYROID
ACH.002044.HSQ89	HSQ89_UPPER_AERODIGESTIVE_TRACT
ACH.002045.HO1U1	HO1U1_UPPER_AERODIGESTIVE_TRACT
ACH.002046.HTMMT	HTMMT_ENDOMETRIUM
ACH.002048.RMSYM	RMSYM_SOFT_TISSUE
ACH.002055.TL1	TL1_HAEMATOPOIETIC_AND_LYMPHOID_TISSUE
ACH.002059.P30OHK	P30OHK_HAEMATOPOIETIC_AND_LYMPHOID_TISSUE
ACH.002061.P2URK562	P2URK562_HAEMATOPOIETIC_AND_LYMPHOID_TISSUE
ACH.002062.SLVL	SLVL_HAEMATOPOIETIC_AND_LYMPHOID_TISSUE
ACH.002065.HSPSS	HSPSS_CENTRAL_NERVOUS_SYSTEM
ACH.002066.HSSCH2	HSSCH2_CENTRAL_NERVOUS_SYSTEM
ACH.002067.NOS1	NOS1_BONE
ACH.002069.HSOS1	HSOS1_BONE
ACH.002080.TN2	TN2_AUTONOMIC_GANGLIA
ACH.002084.MMAC	MMAC_SKIN
ACH.002446.CCLFUPGI0005T	CCLFUPGI0005T_STOMACH
ACH.002458.HT144SKINFV1	HT144_SKIN_FV1_RESISTANT
ACH.002459.HT144SKINFV3	HT144_SKIN_FV3_RESISTANT
ACH.002460.HT144SKINFV2	HT144_SKIN_FV2_RESISTANT
ACH.002461.RVH421SKINFV1	RVH421_SKIN_FV1_RESISTANT
ACH.002462.RPE1SS48	RPE1SS48_ENGINEERED
ACH.002463.RPE1SS77	RPE1SS77_ENGINEERED
ACH.002464.RPE1SS6	RPE1SS6_ENGINEERED
ACH.002465.RPE1SS119	RPE1SS119_ENGINEERED
ACH.002466.RPE1SS111	RPE1SS111_ENGINEERED
ACH.002467.RPE1SS51	RPE1SS51_ENGINEERED
ACH.002508.WM3211	WM3211_SKIN
ACH.002509.WM4235	WM4235_SKIN
ACH.002510.M040416	M040416_SKIN
ACH.002511.M140325	M140325_SKIN
ACH.002512.MM160113	MM160113_SKIN
